,word
0,call
1,get
2,day
3,free
4,know
5,got
6,come
7,like
8,time
9,good
10,text
11,love
12,want
13,send
14,need
15,one
16,today
17,txt
18,going
19,home
20,stop
21,lor
22,sorry
23,see
24,still
25,mobile
26,take
27,back
28,reply
29,think
30,tell
31,dont
32,week
33,phone
34,new
35,later
36,pls
37,please
38,msg
39,min
40,make
41,dear
42,night
43,message
44,say
45,well
46,thing
47,much
48,great
49,claim
50,hope
51,hey
52,url
53,number
54,wat
55,friend
56,happy
57,work
58,give
59,yes
60,way
61,let
62,prize
63,wan
64,right
65,tomorrow
66,already
67,tone
68,ask
69,said
70,cash
71,yeah
72,life
73,really
74,amp
75,meet
76,babe
77,find
78,morning
79,win
80,miss
81,year
82,last
83,service
84,thanks
85,would
86,co
87,lol
88,anything
89,also
90,nokia
91,feel
92,every
93,care
94,sure
95,pick
96,keep
97,sent
98,contact
99,urgent
100,something
101,buy
102,wait
103,cant
104,first
105,place
106,help
107,even
108,nice
109,next
110,someone
111,wish
112,went
113,guy
114,box
115,around
116,soon
117,tonight
118,word
119,show
120,could
121,money
122,customer
123,per
124,gon
125,late
126,chat
127,sleep
128,many
129,name
130,always
131,leave
132,dun
133,lot
134,gud
135,end
136,told
137,hello
138,waiting
139,fine
140,month
141,girl
142,sm
143,hour
144,people
145,haha
146,special
147,heart
148,coming
149,minute
150,getting
151,may
152,done
153,smile
154,yet
155,person
156,thk
157,guaranteed
158,try
159,thought
160,best
161,use
162,ppm
163,offer
164,god
165,talk
166,stuff
167,class
168,holiday
169,lunch
170,car
171,live
172,man
173,mean
174,cost
175,line
176,finish
177,job
178,draw
179,start
180,bit
181,problem
182,yup
183,trying
184,never
185,meeting
186,thats
187,better
188,house
189,plan
190,price
191,cool
192,long
193,account
194,ill
195,ready
196,rate
197,pobox
198,weekend
199,dat
200,chance
201,mind
202,game
203,world
204,half
205,enjoy
206,latest
207,room
208,check
209,guess
210,play
211,sir
212,lar
213,eat
214,look
215,nothing
216,boy
217,receive
218,pic
219,camera
220,voucher
221,awarded
222,sweet
223,real
224,another
225,liao
226,big
227,shit
228,dinner
229,birthday
230,landline
231,jus
232,luv
233,might
234,kiss
235,ever
236,quite
237,hr
238,video
239,watching
240,question
241,com
242,xxx
243,watch
244,land
245,point
246,early
247,speak
248,bed
249,aight
250,worry
251,called
252,thanx
253,baby
254,fun
255,probably
256,wont
257,remember
258,bus
259,maybe
260,part
261,network
262,forgot
263,nite
264,shall
265,two
266,sat
267,actually
268,den
269,bad
270,princess
271,hear
272,apply
273,orange
274,ringtone
275,pay
276,left
277,dream
278,easy
279,reach
280,shopping
281,dunno
282,office
283,code
284,hurt
285,little
286,evening
287,leh
288,face
289,didnt
290,dis
291,award
292,put
293,fuck
294,wife
295,dad
296,age
297,enough
298,thank
299,looking
300,afternoon
301,movie
302,anyway
303,school
304,mail
305,working
306,sound
307,selected
308,everything
309,true
310,made
311,gift
312,mate
313,without
314,missing
315,tmr
316,asked
317,detail
318,pound
319,town
320,collect
321,entry
322,wif
323,go
324,though
325,since
326,came
327,okay
328,must
329,xmas
330,join
331,sexy
332,valid
333,lesson
334,wanted
335,missed
336,run
337,pain
338,abt
339,answer
340,til
341,able
342,hav
343,important
344,wake
345,book
346,wot
347,bring
348,mob
349,collection
350,date
351,test
352,juz
353,stay
354,decimal
355,plz
356,change
357,charge
358,colour
359,away
360,plus
361,alright
362,till
363,saw
364,yesterday
365,double
366,hair
367,wen
368,havent
369,else
370,update
371,dude
372,attempt
373,weekly
374,making
375,food
376,haf
377,oso
378,trip
379,friendship
380,drink
381,credit
382,bored
383,online
384,music
385,top
386,goin
387,lei
388,optout
389,ard
390,driving
391,address
392,coz
393,feeling
394,either
395,sch
396,family
397,hot
398,player
399,tried
400,delivery
401,club
402,national
403,brother
404,mom
405,second
406,busy
407,believe
408,smoke
409,story
410,shop
411,wid
412,ring
413,full
414,calling
415,post
416,head
417,tot
418,beautiful
419,lose
420,together
421,order
422,sad
423,bonus
424,sae
425,set
426,close
427,smiling
428,old
429,leaving
430,sleeping
431,noe
432,happen
433,walk
434,chikku
435,huh
436,mum
437,eve
438,saying
439,drive
440,row
441,info
442,await
443,poly
444,aft
445,tomo
446,took
447,finished
448,started
449,cause
450,parent
451,hand
452,awesome
453,match
454,okie
455,news
456,thinking
457,simple
458,pub
459,email
460,rite
461,suite
462,drop
463,congrats
464,private
465,mths
466,available
467,caller
468,tho
469,forget
470,taking
471,everyone
472,break
473,company
474,wil
475,final
476,angry
477,sister
478,reason
479,card
480,mine
481,neva
482,valentine
483,content
484,statement
485,auction
486,unsubscribe
487,treat
488,lucky
489,ticket
490,search
491,type
492,open
493,whats
494,fancy
495,bank
496,carlos
497,worth
498,si
499,touch
500,found
501,whatever
502,choose
503,sun
504,knw
505,gal
506,anyone
507,loving
508,alone
509,expires
510,dating
511,opt
512,smth
513,saturday
514,decided
515,song
516,prob
517,gone
518,hit
519,happened
520,friday
521,uncle
522,hard
523,frnd
524,boytoy
525,college
526,exam
527,far
528,kind
529,fast
530,anytime
531,congratulation
532,party
533,visit
534,quiz
535,secret
536,welcome
537,winner
538,identifier
539,ltd
540,gbp
541,mobileupd
542,crazy
543,wonderful
544,used
545,wit
546,finally
547,darlin
548,goodmorning
549,oredi
550,tel
551,read
552,light
553,project
554,bout
555,fucking
556,nope
557,outside
558,fri
559,pretty
560,sea
561,drug
562,wonder
563,lovely
564,wrong
565,term
566,least
567,chennai
568,hows
569,camcorder
570,operator
571,sunday
572,hungry
573,seeing
574,telling
575,whole
576,frnds
577,hmm
578,log
579,course
580,mrng
581,case
582,meant
583,hold
584,blue
585,fone
586,jay
587,ten
588,cum
589,frm
590,listen
591,snow
592,earlier
593,support
594,sub
595,unlimited
596,wkly
597,freemsg
598,savamob
599,press
600,child
601,almost
602,move
603,cut
604,hee
605,download
606,computer
607,mah
608,felt
609,invited
610,tired
611,joy
612,hmmm
613,balance
614,march
615,side
616,dnt
617,stupid
618,die
619,bslvyl
620,lost
621,christmas
622,reading
623,ago
624,moment
625,talking
626,couple
627,rock
628,as
629,india
630,park
631,single
632,pas
633,yar
634,happiness
635,paper
636,mayb
637,within
638,understand
639,store
640,yr
641,film
642,john
643,area
644,luck
645,enter
646,currently
647,gas
648,father
649,valued
650,sex
651,etc
652,motorola
653,txts
654,promise
655,hospital
656,wow
657,load
658,shower
659,askd
660,sending
661,bill
662,semester
663,correct
664,laptop
665,swing
666,return
667,figure
668,ish
669,met
670,seen
671,via
672,supposed
673,confirm
674,lady
675,gym
676,kid
677,darren
678,an
679,sell
680,eye
681,picking
682,ugh
683,sort
684,knew
685,photo
686,heard
687,nyt
688,grin
689,extra
690,difficult
691,red
692,surprise
693,comp
694,direct
695,information
696,max
697,charged
698,complimentary
699,reveal
700,rental
701,ipod
702,redeemed
703,usf
704,request
705,comin
706,cheer
707,abiola
708,crave
709,joke
710,checking
711,rply
712,save
713,loan
714,page
715,entered
716,lovable
717,wine
718,safe
719,muz
720,bath
721,net
722,orchard
723,kate
724,study
725,bcoz
726,road
727,lover
728,wana
729,leaf
730,somebody
731,rest
732,small
733,slow
734,asking
735,link
736,remove
737,monday
738,rent
739,le
740,blood
741,clean
742,door
743,train
744,laugh
745,idea
746,whenever
747,truth
748,fact
749,loved
750,slowly
751,police
752,txting
753,member
754,asap
755,discount
756,std
757,dogging
758,hmv
759,fantasy
760,nah
761,callertune
762,copy
763,worried
764,turn
765,catch
766,oops
767,reached
768,situation
769,short
770,gave
771,men
772,del
773,pray
774,spend
775,bathe
776,deal
777,teach
778,kick
779,deep
780,usual
781,tonite
782,somewhere
783,normal
784,merry
785,pete
786,immediately
787,rakhesh
788,woke
789,mistake
790,yep
791,voice
792,booked
793,different
794,water
795,opinion
796,hoping
797,across
798,warm
799,cheap
800,gap
801,glad
802,wishing
803,bag
804,gettin
805,poor
806,otherwise
807,convey
808,doctor
809,fantastic
810,nobody
811,write
812,cover
813,sale
814,doin
815,energy
816,empty
817,sony
818,summer
819,med
820,england
821,reward
822,wap
823,representative
824,admirer
825,custcare
826,ldn
827,ntt
828,seriously
829,sick
830,decide
831,forever
832,stand
833,rain
834,bos
835,buying
836,lazy
837,lect
838,completely
839,staying
840,doesnt
841,especially
842,studying
843,trust
844,using
845,dead
846,mrt
847,ive
848,street
849,goodnight
850,disturb
851,unless
852,rose
853,accept
854,cake
855,flight
856,round
857,urself
858,weed
859,sunshine
860,brings
861,none
862,kinda
863,result
864,style
865,meh
866,near
867,silent
868,hotel
869,cup
870,indian
871,noon
872,forwarded
873,starting
874,bold
875,seems
876,add
877,possible
878,tampa
879,hiya
880,fall
881,gay
882,reference
883,mon
884,mode
885,wondering
886,others
887,tht
888,reaching
889,moral
890,ice
891,excellent
892,norm
893,access
894,excuse
895,thinkin
896,sitting
897,password
898,colleague
899,sofa
900,bid
901,user
902,sport
903,digital
904,ending
905,specially
906,rcvd
907,bluetooth
908,logo
909,charity
910,flag
911,anymore
912,mark
913,pizza
914,egg
915,quick
916,roommate
917,letter
918,nigeria
919,spent
920,trouble
921,planning
922,ave
923,umma
924,weight
925,apartment
926,paying
927,bak
928,shirt
929,sometimes
930,joined
931,however
932,slept
933,file
934,lem
935,coffee
936,power
937,sign
938,record
939,woman
940,wiv
941,interested
942,fault
943,picture
944,facebook
945,aha
946,funny
947,giving
948,din
949,thru
950,fixed
951,realy
952,fat
953,finger
954,self
955,workin
956,daddy
957,present
958,future
959,alex
960,longer
961,tuesday
962,king
963,student
964,library
965,space
966,slave
967,omg
968,training
969,iam
970,registered
971,medical
972,dvd
973,goto
974,black
975,cancel
976,complete
977,honey
978,picked
979,dog
980,frens
981,yahoo
982,fill
983,moon
984,replying
985,south
986,bedroom
987,list
988,team
989,wednesday
990,mood
991,pix
992,tear
993,issue
994,cute
995,cinema
996,entitled
997,inc
998,freephone
999,euro
1000,polys
1001,awaiting
1002,bugis
1003,cine
1004,naughty
1005,suck
1006,tea
1007,eating
1008,learn
1009,ahead
1010,kept
1011,liked
1012,wun
1013,pleasure
1014,changed
1015,location
1016,cuz
1017,eatin
1018,bother
1019,yijue
1020,swt
1021,waste
1022,hop
1023,hell
1024,experience
1025,towards
1026,buck
1027,connection
1028,past
1029,system
1030,appreciate
1031,battery
1032,kallis
1033,cal
1034,showing
1035,sense
1036,high
1037,imagine
1038,key
1039,advance
1040,yoga
1041,insurance
1042,cold
1043,forward
1044,air
1045,happening
1046,sigh
1047,darling
1048,lift
1049,lac
1050,dollar
1051,tough
1052,sec
1053,depends
1054,quality
1055,character
1056,tat
1057,malaria
1058,married
1059,rather
1060,omw
1061,hurry
1062,gee
1063,marriage
1064,izzit
1065,imma
1066,shuhui
1067,weather
1068,paid
1069,login
1070,awake
1071,torch
1072,sit
1073,dey
1074,menu
1075,running
1076,mad
1077,holla
1078,yest
1079,model
1080,mother
1081,matter
1082,hai
1083,midnight
1084,recently
1085,heavy
1086,nxt
1087,miracle
1088,country
1089,flirt
1090,regard
1091,station
1092,tuition
1093,strong
1094,doc
1095,cell
1096,alrite
1097,shd
1098,walking
1099,meaning
1100,share
1101,lmao
1102,wed
1103,flower
1104,bird
1105,internet
1106,receipt
1107,instead
1108,buzz
1109,inside
1110,sight
1111,holding
1112,thnk
1113,sim
1114,mid
1115,naked
1116,role
1117,including
1118,vikky
1119,notice
1120,worse
1121,murdered
1122,maid
1123,murderer
1124,happens
1125,behind
1126,feb
1127,january
1128,following
1129,click
1130,planned
1131,arrive
1132,condition
1133,sky
1134,title
1135,horny
1136,loyalty
1137,maximize
1138,tenerife
1139,unsub
1140,spree
1141,tscs
1142,onto
1143,croydon
1144,costa
1145,sol
1146,joking
1147,melle
1148,timing
1149,texting
1150,inch
1151,tyler
1152,usually
1153,fyi
1154,coin
1155,kano
1156,informed
1157,directly
1158,begin
1159,qatar
1160,become
1161,spoke
1162,bye
1163,personal
1164,straight
1165,died
1166,argument
1167,website
1168,fix
1169,childish
1170,dint
1171,ended
1172,sunny
1173,anybody
1174,cry
1175,definitely
1176,track
1177,report
1178,num
1179,posted
1180,willing
1181,guide
1182,relax
1183,pilate
1184,putting
1185,fullonsms
1186,aathi
1187,wnt
1188,vry
1189,askin
1190,arrange
1191,group
1192,ttyl
1193,isnt
1194,decision
1195,replied
1196,jst
1197,adult
1198,campus
1199,lead
1200,aiyo
1201,barely
1202,scream
1203,listening
1204,earth
1205,evng
1206,envelope
1207,fetch
1208,law
1209,wer
1210,aftr
1211,exactly
1212,yay
1213,closed
1214,damn
1215,wats
1216,boo
1217,teasing
1218,green
1219,surely
1220,activate
1221,version
1222,sup
1223,murder
1224,due
1225,ate
1226,wherever
1227,expensive
1228,brand
1229,kerala
1230,setting
1231,loverboy
1232,serious
1233,april
1234,process
1235,fight
1236,aiyah
1237,howz
1238,raining
1239,moan
1240,arm
1241,thts
1242,tour
1243,daily
1244,super
1245,marry
1246,cafe
1247,nature
1248,keeping
1249,except
1250,screaming
1251,pack
1252,app
1253,created
1254,lookin
1255,beer
1256,five
1257,hate
1258,choice
1259,theatre
1260,simply
1261,ahmad
1262,armand
1263,foot
1264,nimya
1265,sed
1266,london
1267,pleased
1268,bought
1269,official
1270,checked
1271,exciting
1272,added
1273,pussy
1274,budget
1275,random
1276,plenty
1277,contract
1278,cancer
1279,hug
1280,tick
1281,pin
1282,amazing
1283,review
1284,partner
1285,local
1286,subscription
1287,standard
1288,inviting
1289,tncs
1290,handset
1291,stoptxt
1292,vary
1293,announcement
1294,vodafone
1295,holder
1296,txtauction
1297,zed
1298,sipix
1299,arcade
1300,toclaim
1301,stockport
1302,ringtones
1303,tariff
1304,searching
1305,blessing
1306,wet
1307,stock
1308,str
1309,hopefully
1310,weak
1311,ride
1312,plane
1313,respect
1314,urgnt
1315,sum
1316,appointment
1317,boston
1318,truly
1319,scared
1320,cabin
1321,interview
1322,discus
1323,transaction
1324,sen
1325,atm
1326,romantic
1327,affection
1328,wks
1329,ray
1330,throw
1331,meal
1332,enemy
1333,pongal
1334,surfing
1335,basically
1336,allah
1337,geeee
1338,body
1339,lick
1340,intro
1341,current
1342,yan
1343,jiu
1344,goal
1345,hostel
1346,amt
1347,respond
1348,acc
1349,flat
1350,fighting
1351,village
1352,spl
1353,stylish
1354,prabha
1355,competition
1356,quote
1357,english
1358,btw
1359,mrw
1360,quit
1361,jazz
1362,yogasana
1363,stopped
1364,somethin
1365,thursday
1366,cartoon
1367,gentle
1368,belly
1369,lonely
1370,purchase
1371,twice
1372,opportunity
1373,clock
1374,ti
1375,sing
1376,piece
1377,sura
1378,playing
1379,unsold
1380,derek
1381,greet
1382,white
1383,pissed
1384,wear
1385,score
1386,bowl
1387,site
1388,boring
1389,salary
1390,dropped
1391,yun
1392,jesus
1393,asleep
1394,fool
1395,travel
1396,bitch
1397,interesting
1398,uni
1399,italian
1400,horrible
1401,island
1402,chinese
1403,hun
1404,cbe
1405,broke
1406,pple
1407,arrested
1408,vote
1409,totally
1410,rem
1411,everybody
1412,google
1413,vomit
1414,aint
1415,centre
1416,airport
1417,living
1418,waking
1419,ran
1420,fren
1421,hook
1422,bin
1423,social
1424,selling
1425,bun
1426,season
1427,nvm
1428,obviously
1429,lie
1430,boost
1431,affair
1432,art
1433,looked
1434,expecting
1435,mile
1436,hill
1437,minuts
1438,latr
1439,original
1440,unable
1441,remind
1442,whether
1443,brilliant
1444,star
1445,deliver
1446,amount
1447,advice
1448,sam
1449,ignore
1450,note
1451,city
1452,cheaper
1453,thurs
1454,relation
1455,lik
1456,asks
1457,lion
1458,jordan
1459,step
1460,common
1461,laid
1462,eng
1463,ldnw
1464,voda
1465,quoting
1466,mtmsg
1467,themob
1468,selection
1469,december
1470,sonyericsson
1471,contacted
1472,bcm
1473,alert
1474,polyphonic
1475,cd
1476,videophones
1477,videochat
1478,java
1479,dload
1480,noline
1481,rentl
1482,revealed
1483,xchat
1484,subscriber
1485,linerental
1486,eerie
1487,inclusive
1488,spook
1489,oni
1490,oru
1491,sooner
1492,gram
1493,embarassed
1494,seemed
1495,series
1496,wah
1497,machan
1498,moro
1499,sheet
1500,becoz
1501,hols
1502,ham
1503,legal
1504,nyc
1505,considering
1506,research
1507,needed
1508,yetunde
1509,befor
1510,activity
1511,biggest
1512,deleted
1513,window
1514,module
1515,escape
1516,form
1517,bloody
1518,anyways
1519,mummy
1520,radio
1521,settled
1522,shoot
1523,teacher
1524,cross
1525,closer
1526,theory
1527,argue
1528,bcums
1529,kettoda
1530,manda
1531,expect
1532,mmm
1533,bay
1534,passed
1535,cam
1536,accidentally
1537,def
1538,hanging
1539,belovd
1540,unique
1541,afraid
1542,cud
1543,ppl
1544,waitin
1545,practice
1546,wtf
1547,sometime
1548,cream
1549,esplanade
1550,source
1551,fifteen
1552,journey
1553,gorgeous
1554,ure
1555,intelligent
1556,receiving
1557,dry
1558,center
1559,bringing
1560,jada
1561,kusruthi
1562,matured
1563,bday
1564,rude
1565,ma
1566,passionate
1567,losing
1568,confidence
1569,bloke
1570,three
1571,milk
1572,essential
1573,lab
1574,bite
1575,grand
1576,pie
1577,often
1578,aunty
1579,leona
1580,bud
1581,effect
1582,taken
1583,temple
1584,church
1585,bet
1586,hella
1587,prepare
1588,explain
1589,map
1590,weird
1591,drivin
1592,height
1593,membership
1594,upset
1595,assume
1596,faster
1597,spoken
1598,meetin
1599,apparently
1600,enjoyed
1601,dictionary
1602,appt
1603,hunny
1604,ache
1605,brain
1606,morrow
1607,meanwhile
1608,careful
1609,spk
1610,wall
1611,saved
1612,wanting
1613,pig
1614,addicted
1615,attend
1616,diet
1617,fever
1618,gravity
1619,carefully
1620,talent
1621,sore
1622,aunt
1623,regret
1624,throat
1625,lecture
1626,raise
1627,career
1628,june
1629,technical
1630,bathing
1631,vijay
1632,dem
1633,aiyar
1634,wearing
1635,shame
1636,credited
1637,understanding
1638,mite
1639,easier
1640,xxxxxxx
1641,exact
1642,favour
1643,idiot
1644,february
1645,rush
1646,blackberry
1647,moji
1648,seem
1649,gently
1650,urn
1651,aiya
1652,bright
1653,personality
1654,tablet
1655,purity
1656,sha
1657,total
1658,forum
1659,ron
1660,yuo
1661,tihs
1662,bishan
1663,preferably
1664,idk
1665,perfect
1666,laughing
1667,brought
1668,surprised
1669,comedy
1670,fly
1671,six
1672,remain
1673,queen
1674,schedule
1675,atlanta
1676,takin
1677,answering
1678,jess
1679,dirty
1680,received
1681,package
1682,skype
1683,connect
1684,push
1685,master
1686,cook
1687,cleaning
1688,cat
1689,hip
1690,rule
1691,infernal
1692,giv
1693,supply
1694,kidz
1695,played
1696,frndship
1697,leg
1698,freak
1699,wkend
1700,happend
1701,sugar
1702,thangam
1703,roger
1704,solve
1705,cooking
1706,profit
1707,greeting
1708,released
1709,upto
1710,spending
1711,public
1712,govt
1713,instituitions
1714,dare
1715,ordered
1716,teeth
1717,handle
1718,celebrate
1719,abi
1720,grl
1721,wylie
1722,fml
1723,basic
1724,value
1725,outta
1726,inform
1727,mumtaz
1728,football
1729,blank
1730,texted
1731,stone
1732,born
1733,along
1734,shortly
1735,smart
1736,penny
1737,taunton
1738,bear
1739,loss
1740,sept
1741,cha
1742,followed
1743,tkts
1744,rcv
1745,unredeemed
1746,ansr
1747,tyrone
1748,largest
1749,netcollex
1750,recd
1751,purpose
1752,tenant
1753,refused
1754,tc
1755,mtmsgrcvd
1756,mono
1757,paris
1758,skilgme
1759,winawk
1760,qxj
1761,comuk
1762,cust
1763,ibiza
1764,vip
1765,tcr
1766,wrc
1767,rally
1768,lucozade
1769,delivered
1770,txtin
1771,jamster
1772,harry
1773,msgrcvdhg
1774,pod
1775,jhl
1776,moby
1777,action
1778,bahamas
1779,freefone
1780,yer
1781,ntwk
1782,ref
1783,porn
1784,fromm
1785,bloomberg
1786,santa
1787,minnaminunginte
1788,nurungu
1789,vettam
1790,spell
1791,slice
1792,frying
1793,clear
1794,caught
1795,fear
1796,xuhui
1797,invite
1798,yummy
1799,fair
1800,realized
1801,burger
1802,dresser
1803,valuable
1804,gentleman
1805,dignity
1806,shy
1807,lido
1808,four
1809,vava
1810,loud
1811,sentence
1812,anythin
1813,apologise
1814,dot
1815,staff
1816,birla
1817,soft
1818,floor
1819,spanish
1820,mall
1821,maneesha
1822,satisfied
1823,toll
1824,suggest
1825,successfully
1826,register
1827,repair
1828,loses
1829,tomarrow
1830,avent
1831,touched
1832,slipper
1833,bat
1834,inning
1835,dearly
1836,ranjith
1837,shipping
1838,parked
1839,mini
1840,flash
1841,jealous
1842,sorting
1843,handed
1844,celebration
1845,gautham
1846,buzy
1847,tease
1848,scary
1849,garage
1850,clos
1851,lvblefrnd
1852,jstfrnd
1853,cutefrnd
1854,lifpartnr
1855,swtheart
1856,bstfrnd
1857,gona
1858,supervisor
1859,favourite
1860,bless
1861,stranger
1862,cleared
1863,gudnite
1864,slap
1865,alcohol
1866,remembered
1867,insha
1868,alive
1869,breathe
1870,bar
1871,ptbo
1872,shut
1873,period
1874,business
1875,quickly
1876,chechi
1877,tree
1878,sender
1879,skip
1880,blah
1881,ful
1882,irritating
1883,bmw
1884,urgently
1885,shortage
1886,arng
1887,iouri
1888,sachin
1889,oic
1890,transfer
1891,oreo
1892,ear
1893,railway
1894,doggy
1895,fave
1896,position
1897,transfered
1898,wise
1899,boye
1900,fightng
1901,dificult
1902,fish
1903,fee
1904,soryda
1905,sory
1906,booking
1907,behave
1908,elsewhere
1909,ummmmmaah
1910,tirupur
1911,cock
1912,generally
1913,likely
1914,american
1915,callin
1916,dick
1917,snake
1918,scotland
1919,headache
1920,exhausted
1921,tsunami
1922,swimming
1923,hundred
1924,beauty
1925,market
1926,pop
1927,seven
1928,thanksgiving
1929,lay
1930,peace
1931,building
1932,accordingly
1933,farm
1934,stress
1935,spring
1936,shouted
1937,shorter
1938,gim
1939,lip
1940,spare
1941,anywhere
1942,opening
1943,diff
1944,bein
1945,jan
1946,hint
1947,responding
1948,xxxx
1949,hahaha
1950,successful
1951,xavier
1952,stomach
1953,returned
1954,cuddle
1955,nap
1956,shesil
1957,mac
1958,failed
1959,outstanding
1960,taylor
1961,reminder
1962,msging
1963,magical
1964,welp
1965,chicken
1966,potential
1967,fuckin
1968,ubi
1969,wkg
1970,butt
1971,july
1972,helen
1973,fit
1974,terrible
1975,fan
1976,exe
1977,prey
1978,foreign
1979,stamp
1980,morow
1981,million
1982,speechless
1983,roast
1984,concentrate
1985,walked
1986,drunk
1987,female
1988,networking
1989,juicy
1990,gossip
1991,dearer
1992,sorrow
1993,evn
1994,itz
1995,alwys
1996,wind
1997,math
1998,ground
1999,catching
2000,who
2001,error
2002,bigger
2003,walmart
2004,apps
2005,rofl
2006,anti
2007,morn
2008,havin
2009,rang
2010,sorted
2011,executive
2012,collected
2013,express
2014,fran
2015,knackered
2016,software
2017,whenevr
2018,chill
2019,chillin
2020,chain
2021,suntec
2022,messenger
2023,screen
2024,shot
2025,storming
2026,phne
2027,margaret
2028,girlfrnd
2029,grahmbell
2030,invnted
2031,telphone
2032,popped
2033,shld
2034,beware
2035,caring
2036,option
2037,goodnite
2038,painful
2039,missin
2040,guilty
2041,cardiff
2042,addie
2043,monkey
2044,certainly
2045,program
2046,twelve
2047,aah
2048,blake
2049,lotr
2050,eight
2051,ese
2052,prospect
2053,buff
2054,gang
2055,finishing
2056,brothas
2057,chasing
2058,force
2059,fire
2060,blame
2061,freezing
2062,winning
2063,switch
2064,event
2065,maintain
2066,cramp
2067,nan
2068,dislike
2069,album
2070,standing
2071,james
2072,follow
2073,stuck
2074,regarding
2075,adore
2076,arun
2077,philosophy
2078,chatting
2079,husband
2080,toa
2081,payoh
2082,payment
2083,fathima
2084,mmmm
2085,pull
2086,beyond
2087,nichols
2088,table
2089,ikea
2090,kadeem
2091,wud
2092,carry
2093,avatar
2094,constantly
2095,lousy
2096,jane
2097,honeybee
2098,sweetest
2099,laughed
2100,havnt
2101,crack
2102,boat
2103,proof
2104,yeh
2105,major
2106,community
2107,birth
2108,responsibility
2109,natural
2110,onwards
2111,calicut
2112,pink
2113,normally
2114,rich
2115,yor
2116,jason
2117,argh
2118,diamond
2119,tessy
2120,favor
2121,shijas
2122,china
2123,morphine
2124,dave
2125,prefer
2126,kindly
2127,wale
2128,speed
2129,pending
2130,raji
2131,burn
2132,shelf
2133,distance
2134,temp
2135,display
2136,soup
2137,management
2138,include
2139,threat
2140,lounge
2141,lifetime
2142,regular
2143,nearly
2144,iscoming
2145,tom
2146,measure
2147,thm
2148,instantly
2149,drinking
2150,impossible
2151,realize
2152,responce
2153,vodka
2154,okey
2155,kill
2156,questioned
2157,gardener
2158,vegetable
2159,neighbour
2160,science
2161,madam
2162,settle
2163,bloo
2164,citizen
2165,monthly
2166,sry
2167,lock
2168,dai
2169,maga
2170,medicine
2171,claire
2172,incident
2173,violence
2174,erm
2175,death
2176,wrk
2177,reality
2178,usc
2179,booty
2180,lil
2181,remains
2182,bro
2183,bros
2184,pout
2185,stomp
2186,petrol
2187,ben
2188,middle
2189,various
2190,enuff
2191,strike
2192,moved
2193,seat
2194,low
2195,dress
2196,collecting
2197,flaked
2198,gary
2199,history
2200,bell
2201,understood
2202,bottom
2203,crab
2204,footprint
2205,blow
2206,knowing
2207,count
2208,challenge
2209,randomly
2210,tape
2211,auto
2212,praying
2213,smoking
2214,hardcore
2215,th
2216,response
2217,accident
2218,wisdom
2219,cann
2220,prince
2221,mega
2222,prolly
2223,symbol
2224,confirmed
2225,dubsack
2226,macho
2227,audition
2228,difference
2229,dark
2230,fell
2231,senthil
2232,forevr
2233,august
2234,eaten
2235,luxury
2236,possession
2237,university
2238,california
2239,ball
2240,hubby
2241,mnth
2242,cornwall
2243,karaoke
2244,wedding
2245,tog
2246,evry
2247,haiz
2248,among
2249,concert
2250,previous
2251,captain
2252,dsn
2253,virgin
2254,hide
2255,instruction
2256,cruise
2257,channel
2258,warner
2259,bottle
2260,upload
2261,suprman
2262,matrix
2263,starwars
2264,advise
2265,recent
2266,mix
2267,verify
2268,chart
2269,genuine
2270,upgrade
2271,newest
2272,germany
2273,mobilesdirect
2274,homeowner
2275,previously
2276,ibhltd
2277,web
2278,postcode
2279,textoperator
2280,csbcm
2281,callcost
2282,subscribed
2283,perwksub
2284,subpoly
2285,alfie
2286,nokias
2287,liverpool
2288,male
2289,polyph
2290,celeb
2291,pocketbabe
2292,voicemail
2293,saucy
2294,arsenal
2295,xxxxxxxxx
2296,minmobsmorelkpobox
2297,chosen
2298,subscribe
2299,abta
2300,provided
2301,downloads
2302,skillgame
2303,winaweek
2304,ppermesssubscription
2305,halloween
2306,uk
2307,deliveredtomorrow
2308,billed
2309,callback
2310,nat
2311,wallpaper
2312,buffet
2313,hor
2314,aid
2315,convincing
2316,sarcastic
2317,mmmmmm
2318,sucker
2319,eighth
2320,odi
2321,killing
2322,dedicated
2323,dedicate
2324,earn
2325,jacket
2326,nitros
2327,ela
2328,pours
2329,telugu
2330,noun
2331,puttin
2332,goodo
2333,potato
2334,tortilla
2335,apple
2336,msn
2337,pouch
2338,somtimes
2339,occupy
2340,flowing
2341,plaza
2342,everywhere
2343,mouth
2344,avoid
2345,beloved
2346,clark
2347,utter
2348,completed
2349,wishin
2350,hamster
2351,refilled
2352,inr
2353,keralacircle
2354,prepaid
2355,ericsson
2356,bruv
2357,rewarding
2358,heading
2359,installing
2360,conduct
2361,printed
2362,upstairs
2363,shining
2364,signing
2365,although
2366,commercial
2367,drpd
2368,deeraj
2369,deepak
2370,lag
2371,necessarily
2372,headin
2373,jolt
2374,suzy
2375,tool
2376,jenny
2377,grave
2378,shocking
2379,crash
2380,taxi
2381,actor
2382,thread
2383,tahan
2384,anot
2385,bristol
2386,apo
2387,violated
2388,privacy
2389,paperwork
2390,caroline
2391,misbehaved
2392,tissco
2393,tayseer
2394,unemployed
2395,audrey
2396,status
2397,cuddling
2398,agree
2399,recognise
2400,he
2401,ovulation
2402,salam
2403,sharing
2404,grace
2405,inshah
2406,visitor
2407,field
2408,administrator
2409,shipped
2410,loxahatchee
2411,burning
2412,slightly
2413,fav
2414,wld
2415,whatsup
2416,siva
2417,speaking
2418,expression
2419,applebees
2420,bhaji
2421,cricketer
2422,improve
2423,truffle
2424,amy
2425,coping
2426,individual
2427,language
2428,screamed
2429,removed
2430,differ
2431,broken
2432,infront
2433,tension
2434,taste
2435,trade
2436,rec
2437,hyde
2438,anthony
2439,scrounge
2440,forgiven
2441,transport
2442,definite
2443,no
2444,ebay
2445,pickle
2446,taco
2447,develop
2448,ability
2449,recovery
2450,cali
2451,cutting
2452,reminding
2453,owns
2454,faggy
2455,demand
2456,loose
2457,pan
2458,perhaps
2459,mei
2460,brownie
2461,geeeee
2462,jen
2463,oooh
2464,dancing
2465,hardly
2466,ques
2467,suit
2468,shock
2469,reaction
2470,grow
2471,useful
2472,officially
2473,sweetheart
2474,biola
2475,wee
2476,jolly
2477,panic
2478,wesley
2479,dealer
2480,impatient
2481,river
2482,yelling
2483,hex
2484,cochin
2485,poop
2486,gpu
2487,aeronautics
2488,professor
2489,calld
2490,aeroplane
2491,hurried
2492,dorm
2493,cooky
2494,admit
2495,correction
2496,attached
2497,gist
2498,confused
2499,faith
2500,grandma
2501,begging
2502,thot
2503,petey
2504,nic
2505,imp
2506,bec
2507,nervous
2508,costume
2509,borrow
2510,galileo
2511,dobby
2512,loveme
2513,sip
2514,cappuccino
2515,mojibiola
2516,hol
2517,skyped
2518,given
2519,ultimatum
2520,countin
2521,aburo
2522,inconsiderate
2523,nag
2524,recession
2525,hence
2526,soo
2527,warning
2528,shoe
2529,spoon
2530,named
2531,genius
2532,lotta
2533,lately
2534,consider
2535,peaceful
2536,castor
2537,massage
2538,oil
2539,permission
2540,usb
2541,gibbs
2542,unbelievable
2543,superb
2544,agent
2545,several
2546,smell
2547,worst
2548,charles
2549,chip
2550,yck
2551,ashley
2552,jean
2553,bleh
2554,ton
2555,application
2556,simpler
2557,necklace
2558,racing
2559,rice
2560,crap
2561,borin
2562,weakness
2563,chocolate
2564,reckon
2565,tech
2566,blessed
2567,quiet
2568,hero
2569,drove
2570,anniversary
2571,image
2572,pen
2573,pattern
2574,plm
2575,sheffield
2576,nanny
2577,zoe
2578,filling
2579,blanket
2580,sufficient
2581,thx
2582,edison
2583,rightly
2584,viva
2585,educational
2586,soiree
2587,thesis
2588,sends
2589,deciding
2590,prepared
2591,dentist
2592,breath
2593,craziest
2594,planet
2595,singing
2596,curry
2597,tomorro
2598,fret
2599,strip
2600,cliff
2601,depressed
2602,dhoni
2603,durban
2604,difficulty
2605,sar
2606,tank
2607,neighbor
2608,silently
2609,drms
2610,toot
2611,annoying
2612,makin
2613,popcorn
2614,neft
2615,beneficiary
2616,appreciated
2617,apart
2618,creepy
2619,invest
2620,delay
2621,purse
2622,europe
2623,flip
2624,weirdest
2625,tee
2626,dough
2627,control
2628,profile
2629,jerry
2630,irritates
2631,fails
2632,drinkin
2633,birthdate
2634,nydc
2635,ola
2636,garbage
2637,item
2638,jokin
2639,remembr
2640,canada
2641,goodnoon
2642,patty
2643,interest
2644,there
2645,tmrw
2646,soul
2647,ned
2648,hurting
2649,main
2650,sweetie
2651,buyer
2652,whn
2653,dance
2654,juan
2655,tlk
2656,ideal
2657,path
2658,front
2659,reserve
2660,tirunelvali
2661,kidding
2662,stretch
2663,sinco
2664,payee
2665,icicibank
2666,fraud
2667,disclose
2668,kaiez
2669,practicing
2670,beneath
2671,pale
2672,silver
2673,silence
2674,revision
2675,exeter
2676,whose
2677,coat
2678,tues
2679,restaurant
2680,function
2681,desperate
2682,practical
2683,lyfu
2684,lyf
2685,ali
2686,meow
2687,musthu
2688,testing
2689,nit
2690,format
2691,sarcasm
2692,unfortunately
2693,konw
2694,waht
2695,rael
2696,gving
2697,exmpel
2698,jsut
2699,evrey
2700,splleing
2701,wrnog
2702,sitll
2703,raed
2704,wihtuot
2705,ayn
2706,mitsake
2707,degree
2708,joining
2709,finance
2710,filled
2711,jia
2712,sux
2713,kegger
2714,rhythm
2715,adventure
2716,wifi
2717,rumour
2718,boyfriend
2719,driver
2720,dime
2721,falling
2722,smeone
2723,flame
2724,propose
2725,dippeditinadew
2726,lovingly
2727,itwhichturnedinto
2728,gifted
2729,tomeandsaid
2730,batch
2731,flaky
2732,sooooo
2733,tooo
2734,confuses
2735,wating
2736,adoring
2737,constant
2738,cared
2739,partnership
2740,mostly
2741,jas
2742,poker
2743,messy
2744,traffic
2745,slip
2746,nu
2747,gotten
2748,unknown
2749,stick
2750,indeed
2751,maangalyam
2752,alaipayuthe
2753,calm
2754,becomes
2755,habit
2756,forgets
2757,mandan
2758,recharge
2759,transfr
2760,desparate
2761,fake
2762,combine
2763,sian
2764,joanna
2765,replacement
2766,telly
2767,wipro
2768,delete
2769,laundry
2770,underwear
2771,waheed
2772,knee
2773,avoiding
2774,vday
2775,build
2776,snowman
2777,ofice
2778,prescription
2779,electricity
2780,fujitsu
2781,scold
2782,disturbing
2783,woken
2784,aka
2785,delhi
2786,length
2787,fringe
2788,distract
2789,memory
2790,mel
2791,intention
2792,parco
2793,hallaq
2794,lyk
2795,bck
2796,color
2797,sleepwell
2798,mca
2799,vomiting
2800,rub
2801,clever
2802,ryan
2803,xam
2804,manage
2805,shitload
2806,mcat
2807,sacrifice
2808,beg
2809,stayin
2810,cld
2811,killed
2812,smashed
2813,tok
2814,specific
2815,cousin
2816,neck
2817,continue
2818,holy
2819,billion
2820,youre
2821,turning
2822,belive
2823,slot
2824,discussed
2825,spoiled
2826,complaint
2827,lov
2828,bedrm
2829,waited
2830,huge
2831,mids
2832,annie
2833,hrishi
2834,nothin
2835,poem
2836,nahi
2837,zindgi
2838,dan
2839,aww
2840,staring
2841,unnecessarily
2842,weigh
2843,propsd
2844,lttrs
2845,threw
2846,aproach
2847,truck
2848,speeding
2849,thy
2850,lived
2851,happily
2852,gthr
2853,evrydy
2854,paragon
2855,arent
2856,bluff
2857,sary
2858,wiskey
2859,brandy
2860,rum
2861,gin
2862,scotch
2863,shampain
2864,kudi
2865,yarasu
2866,dhina
2867,vaazhthukkal
2868,limit
2869,dumb
2870,dressed
2871,kay
2872,wasted
2873,christ
2874,answered
2875,rgds
2876,swiss
2877,director
2878,crore
2879,lane
2880,politician
2881,donno
2882,properly
2883,furniture
2884,shoving
2885,strange
2886,indyarocks
2887,resume
2888,whr
2889,yunny
2890,mmmmm
2891,relative
2892,risk
2893,benefit
2894,environment
2895,terrific
2896,superior
2897,dock
2898,ruin
2899,department
2900,conform
2901,toshiba
2902,innocent
2903,mental
2904,hoped
2905,marrow
2906,hon
2907,treated
2908,fab
2909,held
2910,tiwary
2911,bang
2912,pap
2913,pandy
2914,edu
2915,secretary
2916,amongst
2917,nalla
2918,northampton
2919,abj
2920,serving
2921,anna
2922,nagar
2923,evr
2924,neither
2925,snogs
2926,west
2927,chase
2928,steam
2929,reg
2930,sleepy
2931,mag
2932,diwali
2933,onion
2934,easter
2935,thgt
2936,lower
2937,exhaust
2938,pee
2939,success
2940,division
2941,creep
2942,property
2943,nasty
2944,bbd
2945,pimple
2946,yellow
2947,doubt
2948,japanese
2949,proverb
2950,smith
2951,freedom
2952,twenty
2953,painting
2954,nowadays
2955,probs
2956,swatch
2957,ganesh
2958,helloooo
2959,geva
2960,wuld
2961,solved
2962,ing
2963,sake
2964,bruce
2965,teaching
2966,chest
2967,pro
2968,brief
2969,hang
2970,reboot
2971,phoned
2972,salon
2973,raj
2974,shore
2975,wave
2976,clearing
2977,range
2978,topic
2979,admin
2980,andros
2981,penis
2982,vth
2983,eveb
2984,pre
2985,cancelled
2986,gold
2987,agalla
2988,xxxxx
2989,mystery
2990,otside
2991,size
2992,tight
2993,everyday
2994,curious
2995,postcard
2996,divorce
2997,bread
2998,mahal
2999,luvs
